{
  "input": "data/analysis/article_market_dataset.csv",
  "n": 116,
  "models": {
    "M1": {
      "status": "completed",
      "n": 116,
      "coefficients": {
        "const": 0.20960160397932126,
        "probability_as_public_opinion": 0.7153142464649207,
        "representativeness_caveat": 7.635413586927512e-16,
        "market_quality_caveat": -0.623563671334881,
        "certainty_language": -0.033069852611080086,
        "democratic_language": 0.5379573356265391,
        "horse_race_frame": 1.5610356131694294
      },
      "standard_errors": {
        "const": 0.09426541638340903,
        "probability_as_public_opinion": 0.08624966586734832,
        "representativeness_caveat": 5.640697769685092e-16,
        "market_quality_caveat": 0.07321542997590959,
        "certainty_language": 0.06195983534947999,
        "democratic_language": 0.39778923726376725,
        "horse_race_frame": 0.11317405360293296
      },
      "pvalues": {
        "const": 0.026180352368139814,
        "probability_as_public_opinion": 1.099356045621084e-16,
        "representativeness_caveat": 0.17585468483559052,
        "market_quality_caveat": 1.639741183225244e-17,
        "certainty_language": 0.5935280185891113,
        "democratic_language": 0.17625770101027527,
        "horse_race_frame": 2.799444366984717e-43
      },
      "r_squared": 0.8270136270300448
    },
    "M2": {
      "status": "completed",
      "n": 116,
      "coefficients": {
        "probability_as_public_opinion": 58.98901388311027,
        "representativeness_caveat": 0.0,
        "market_quality_caveat": -57.529706203075406,
        "certainty_language": 17.03317065867918,
        "democratic_language": 49.55435450206959,
        "horse_race_frame": 62.38679330418438,
        "0/1": 2.8203731310096316,
        "1/2": 4.046003526960788,
        "2/3": 4.547411594783209
      },
      "standard_errors": {
        "probability_as_public_opinion": NaN,
        "representativeness_caveat": NaN,
        "market_quality_caveat": NaN,
        "certainty_language": NaN,
        "democratic_language": NaN,
        "horse_race_frame": NaN,
        "0/1": NaN,
        "1/2": NaN,
        "2/3": NaN
      },
      "pvalues": {
        "probability_as_public_opinion": NaN,
        "representativeness_caveat": NaN,
        "market_quality_caveat": NaN,
        "certainty_language": NaN,
        "democratic_language": NaN,
        "horse_race_frame": NaN,
        "0/1": NaN,
        "1/2": NaN,
        "2/3": NaN
      }
    }
  }
}
