predictor,n_positive,n_zero,mean_positive,mean_zero,difference,standard_error,ci95_low,ci95_high
probability_as_public_opinion,43,73,2.046511627906977,1.2191780821917808,0.827333545715196,0.10309482454558949,0.6252676896058407,1.0293994018245514
representativeness_caveat,0,116,,1.5258620689655173,,,,
market_quality_caveat,56,60,1.4821428571428572,1.5666666666666667,-0.08452380952380945,0.14061861259849953,-0.36013629021686855,0.19108867116924966
certainty_language,44,72,1.8181818181818181,1.3472222222222223,0.4709595959595958,0.12145475754909847,0.2329082711633628,0.7090109207558288
democratic_language,3,113,3.0,1.4867256637168142,1.5132743362831858,0.06898561138176657,1.3780625379749232,1.6484861345914483
horse_race_frame,99,17,1.7373737373737375,0.29411764705882354,1.4432560903149139,0.21208967607021198,1.0275603252172985,1.8589518554125293
